{
  "F1@5": 0.2879474244912454,
  "NDCG": 0.5164811611175537,
  "Documents_evaluated": 19949
}