{
  "F1@5": 0.31541771976277294,
  "NDCG": 0.560438871383667,
  "Documents_evaluated": 19949
}