{
  "F1@5": 0.31425380425568145,
  "NDCG": 0.5589972734451294,
  "Documents_evaluated": 19949
}