{
  "F1@5": 0.2820704821259101,
  "NDCG": 0.5075410008430481,
  "Documents_evaluated": 19949
}