{
  "F1@5": 0.2904113040490178,
  "NDCG": 0.5219123363494873,
  "Documents_evaluated": 19949
}