{
  "F1@5": 0.3170136303988878,
  "NDCG": 0.5614891052246094,
  "Documents_evaluated": 19949
}