{
  "F1@5": 0.28457806459927454,
  "NDCG": 0.5110952258110046,
  "Documents_evaluated": 19949
}