{
  "F1@5": 0.3138229880596937,
  "NDCG": 0.5556493997573853,
  "Documents_evaluated": 19949
}