{
  "F1@5": 0.31548554313468574,
  "NDCG": 0.5593839883804321,
  "Documents_evaluated": 19949
}