{
  "F1@5": 0.28936408565182425,
  "NDCG": 0.5166913866996765,
  "Documents_evaluated": 19949
}