{
  "F1@5": 0.3160150339516736,
  "NDCG": 0.5626732707023621,
  "Documents_evaluated": 19949
}