{
  "F1@5": 0.31576041750845196,
  "NDCG": 0.5604845881462097,
  "Documents_evaluated": 19949
}