{
  "F1@5": 0.29015099344481093,
  "NDCG": 0.5202160477638245,
  "Documents_evaluated": 19949
}