{
  "F1@5": 0.33444007051520935,
  "NDCG": 0.5923362374305725,
  "Documents_evaluated": 19949
}