{
  "F1@5": 0.32154446972094447,
  "NDCG": 0.5737645626068115,
  "Documents_evaluated": 19949
}