{
  "F1@5": 0.34454922537004395,
  "NDCG": 0.6100739240646362,
  "Documents_evaluated": 19949
}