{
  "F1@5": 0.333985127394577,
  "NDCG": 0.5915203094482422,
  "Documents_evaluated": 19949
}