{
  "F1@5": 0.3547411421566065,
  "NDCG": 0.6329161524772644,
  "Documents_evaluated": 19949
}