{
  "F1@5": 0.32076102576980037,
  "NDCG": 0.5810335874557495,
  "Documents_evaluated": 19949
}