{
  "F1@5": 0.34789040201337723,
  "NDCG": 0.6162285804748535,
  "Documents_evaluated": 19949
}