{
  "F1@5": 0.3506836768289555,
  "NDCG": 0.62593674659729,
  "Documents_evaluated": 19949
}