{
  "F1@5": 0.3262133206447539,
  "NDCG": 0.5885500907897949,
  "Documents_evaluated": 19949
}