{
  "F1@5": 0.3385627461859048,
  "NDCG": 0.6012364625930786,
  "Documents_evaluated": 19949
}