{
  "F1@5": 0.32572589271878727,
  "NDCG": 0.5880014300346375,
  "Documents_evaluated": 19949
}