{
  "F1@5": 0.31956277595853033,
  "NDCG": 0.5795885920524597,
  "Documents_evaluated": 19949
}