{
  "F1@5": 0.2877479304929703,
  "NDCG": 0.5174049139022827,
  "Documents_evaluated": 19949
}