{
  "F1@5": 0.31096035804737104,
  "NDCG": 0.5513466596603394,
  "Documents_evaluated": 19949
}