{
  "F1@5": 0.2858646813289747,
  "NDCG": 0.5121867060661316,
  "Documents_evaluated": 19949
}