{
  "F1@5": 0.33573628116829646,
  "NDCG": 0.5929144620895386,
  "Documents_evaluated": 19949
}