{
  "F1@5": 0.3086853737620273,
  "NDCG": 0.548780620098114,
  "Documents_evaluated": 19949
}