{
  "F1@5": 0.31723300958136497,
  "NDCG": 0.5611639022827148,
  "Documents_evaluated": 19949
}