{
  "F1@5": 0.33002760781832974,
  "NDCG": 0.5844689011573792,
  "Documents_evaluated": 19949
}