{
  "F1@5": 0.3351674625385269,
  "NDCG": 0.5907557010650635,
  "Documents_evaluated": 19949
}