{
  "F1@5": 0.32285835076659203,
  "NDCG": 0.5701406598091125,
  "Documents_evaluated": 19949
}