{
  "F1@5": 0.33602505336278654,
  "NDCG": 0.5931709408760071,
  "Documents_evaluated": 19949
}