{
  "F1@5": 0.3072008935116544,
  "NDCG": 0.5469170212745667,
  "Documents_evaluated": 19949
}