{
  "F1@5": 0.3330428188942271,
  "NDCG": 0.589641273021698,
  "Documents_evaluated": 19949
}