{
  "F1@5": 0.3168383416147251,
  "NDCG": 0.5602214336395264,
  "Documents_evaluated": 19949
}