{
  "F1@5": 0.3325465922260927,
  "NDCG": 0.5888882279396057,
  "Documents_evaluated": 19949
}