{
  "F1@5": 0.3149056130480274,
  "NDCG": 0.5594550371170044,
  "Documents_evaluated": 19949
}