{
  "F1@5": 0.34009977418446136,
  "NDCG": 0.5984512567520142,
  "Documents_evaluated": 19949
}