{
  "F1@5": 0.3191681169376691,
  "NDCG": 0.5630264282226562,
  "Documents_evaluated": 19949
}