{
  "F1@5": 0.309309159096603,
  "NDCG": 0.5491920113563538,
  "Documents_evaluated": 19949
}