{
  "F1@5": 0.33014653944632383,
  "NDCG": 0.5844886302947998,
  "Documents_evaluated": 19949
}