{
  "F1@5": 0.10158925990990395,
  "NDCG": 0.17597033083438873,
  "Documents_evaluated": 19949
}