{
  "F1@5": 0.24749566338779683,
  "NDCG": 0.44245168566703796,
  "Documents_evaluated": 19949
}