{
  "F1@5": 0.24872474810223955,
  "NDCG": 0.4437170624732971,
  "Documents_evaluated": 19949
}