{
  "F1@5": 0.2304426833260933,
  "NDCG": 0.41800257563591003,
  "Documents_evaluated": 19949
}