{
  "F1@5": 0.22920923977907287,
  "NDCG": 0.4158529043197632,
  "Documents_evaluated": 19949
}