{
  "F1@5": 0.3193661852290386,
  "NDCG": 0.5609273314476013,
  "Documents_evaluated": 19949
}