{
  "F1@5": 0.31408626442766785,
  "NDCG": 0.5530544519424438,
  "Documents_evaluated": 19949
}