{
  "F1@5": 0.30366954444535504,
  "NDCG": 0.534644365310669,
  "Documents_evaluated": 19949
}