{
  "F1@5": 0.31216864496535845,
  "NDCG": 0.5516905784606934,
  "Documents_evaluated": 19949
}