{
  "F1@5": 0.302682606039769,
  "NDCG": 0.5355378985404968,
  "Documents_evaluated": 19949
}