{
  "F1@5": 0.3189305953900731,
  "NDCG": 0.5608872175216675,
  "Documents_evaluated": 19949
}