{
  "F1@5": 0.3143781494352434,
  "NDCG": 0.5580589175224304,
  "Documents_evaluated": 19949
}