{
  "F1@5": 0.285822417121637,
  "NDCG": 0.5113110542297363,
  "Documents_evaluated": 19949
}