{
  "F1@5": 0.2750670749352282,
  "NDCG": 0.49543777108192444,
  "Documents_evaluated": 19949
}