{
  "F1@5": 0.29312255731806497,
  "NDCG": 0.5204416513442993,
  "Documents_evaluated": 19949
}