{
  "F1@5": 0.24053755181438227,
  "NDCG": 0.4362850785255432,
  "Documents_evaluated": 19949
}