{
  "F1@5": 0.2855542109180279,
  "NDCG": 0.5104342103004456,
  "Documents_evaluated": 19949
}