{
  "F1@5": 0.2858071536199372,
  "NDCG": 0.5135526061058044,
  "Documents_evaluated": 19949
}