{
  "F1@5": 0.3161273224791342,
  "NDCG": 0.5586341023445129,
  "Documents_evaluated": 19949
}