{
  "F1@5": 0.27412733049597127,
  "NDCG": 0.4937779903411865,
  "Documents_evaluated": 19949
}