{
  "F1@5": 0.30662118853137127,
  "NDCG": 0.5458009243011475,
  "Documents_evaluated": 19949
}