{
  "F1@5": 0.2796349538271848,
  "NDCG": 0.5012974739074707,
  "Documents_evaluated": 19949
}