{
  "F1@5": 0.3110826610630133,
  "NDCG": 0.5515670776367188,
  "Documents_evaluated": 19949
}