{
  "F1@5": 0.2733756645054291,
  "NDCG": 0.49312224984169006,
  "Documents_evaluated": 19949
}