{
  "F1@5": 0.31356225989057085,
  "NDCG": 0.5537475347518921,
  "Documents_evaluated": 19949
}