{
  "F1@5": 0.28346683683280377,
  "NDCG": 0.5104016065597534,
  "Documents_evaluated": 19949
}