{
  "F1@5": 0.31501174796842557,
  "NDCG": 0.5591262578964233,
  "Documents_evaluated": 19949
}