{
  "F1@5": 0.31513192462607614,
  "NDCG": 0.5591924786567688,
  "Documents_evaluated": 19949
}