{
  "F1@5": 0.2815538619621979,
  "NDCG": 0.5052902698516846,
  "Documents_evaluated": 19949
}