{
  "F1@5": 0.31130329017424824,
  "NDCG": 0.5530034899711609,
  "Documents_evaluated": 19949
}