{
  "F1@5": 0.28557069585282524,
  "NDCG": 0.5133142471313477,
  "Documents_evaluated": 19949
}