{
  "F1@5": 0.3149634385018999,
  "NDCG": 0.5580628514289856,
  "Documents_evaluated": 19949
}