{
  "F1@5": 0.27908904632133796,
  "NDCG": 0.5020491480827332,
  "Documents_evaluated": 19949
}