{
  "F1@5": 0.2925898450828604,
  "NDCG": 0.5235362648963928,
  "Documents_evaluated": 19949
}