{
  "F1@5": 0.317401428641911,
  "NDCG": 0.5624223351478577,
  "Documents_evaluated": 19949
}