{
  "F1@5": 0.3149733738542309,
  "NDCG": 0.5594505071640015,
  "Documents_evaluated": 19949
}