{
  "F1@5": 0.2870611978038768,
  "NDCG": 0.5141125321388245,
  "Documents_evaluated": 19949
}