{
  "F1@5": 0.31519250964193485,
  "NDCG": 0.5589869618415833,
  "Documents_evaluated": 19949
}