{
  "F1@5": 0.2821183950977942,
  "NDCG": 0.509651780128479,
  "Documents_evaluated": 19949
}